{
  "timestamp": "2025-12-09T11:12:42.627221",
  "implicit": {
    "precision_at_k": 0.003777038269550749,
    "recall_at_k": 0.0023431364722306396,
    "ndcg_at_k": 0.05860239641400988
  }
}