{
  "rmse": 1.6069415307995034,
  "mae": 1.2369004181308239
}